make,code,model,clasiveh,vehicle_size
001,003,INTEGRA,A,M
001,004,LEGEND,A,M
001,005,NSX,A,M
001,006,VIGOR,A,M
001,010,SLX,C,M
001,012,CL,A,M
001,013,TL,A,M
001,014,RL,A,M
001,015,MDX,C,M
001,019,GS R,,
001,020,RSX,A,M
001,022,1.6EL,A,M
001,025,TSX,A,M
001,026,RDX,C,M
001,027,ZDX,A,
001,028,ILX,A,
001,029,RLX,A,
002,001,155,A,
002,002,164,A,
002,003,GTV,A,
002,004,RZ,A,
002,005,SPIDER,A,
002,006,SZ,A,
002,007,145,A,
002,008,146,A,
002,009,33,A,
002,010,156,A,
002,011,166,A,
002,015,147,A,
002,016,ALFETTA,,
002,017,159,A,
002,018,BRERA,A,
002,019,4C,,
003,001,BUFFALO,C,G
003,002,DAKTARI,C,G
003,003,RANGER,C,G
003,004,RHINO,C,G
003,005,YUKO,C,G
003,006,MAXI,C,G
003,007,ANACONDA,C,G
003,008,GRAN RANGER,C,G
003,009,SPARTANA,C,G
004,001,TOWNER,C,M
004,002,TOPIC,C,M
005,001,DB7,A,G
005,002,VIRAGE,A,G
005,003,LAGONDA,A,G
005,004,DB9,A,G
005,005,DBS,A,
005,006,VANTAGE,A,
005,007,RAPIDE,A,
006,001,100,A,M
006,002,80,A,M
006,003,90,A,M
006,004,A4,A,M
006,005,A6,A,M
006,006,A8,A,M
006,007,CABRIOLET,A,M
006,008,S6,A,M
006,009,V8,A,M
006,011,200,A,M
006,012,A3,A,M
006,013,S8,A,M
006,014,TT,A,M
006,015,S4,A,M
006,016,ALLROAD,A,M
006,017,S3,A,M
006,018,A2,A,M
006,019,RS,A,M
006,020,Q7,A,M
006,021,A5,A,
006,022,S5,A,
006,023,R,A,
006,024,TTS,A,
006,025,Q5,A,
006,026,4000,A,
006,027,A7,A,
006,028,Q3,A,
006,029,SQ5,A,
007,001,BROOKLANDS,A,G
007,002,CONTINENTAL,A,G
007,003,EIGHT,A,G
007,004,MULSANNE,A,G
007,005,R,A,G
007,006,AZURE,A,G
007,007,RT,A,G
007,008,ARNAGE,A,G
007,009,4.25,,
008,001,316,A,M
008,002,318,A,G
008,003,320,A,G
008,004,325,A,G
008,005,328,A,G
008,006,525,A,G
008,007,530,A,G
008,008,535,A,G
008,009,540,A,G
008,010,730,A,G
008,011,735,A,G
008,012,740,A,G
008,013,750,A,G
008,014,840,A,G
008,015,850,A,G
008,016,M3,A,G
008,017,M5,A,G
008,018,Z3,A,G
008,019,528,A,G
008,020,635,A,G
008,021,M6,A,G
008,022,L7,A,G
008,023,L6,A,G
008,024,533,A,G
008,025,633,A,G
008,026,733,A,G
008,027,630,A,G
008,028,3.0,A,G
008,029,2002,A,G
008,030,728,A,G
008,031,323,A,G
008,032,M,A,G
008,033,523,A,G
008,034,R,A,
008,035,K,A,
008,036,F,A,
008,037,520,A,P
008,038,518,A,P
008,039,X5,A,G
008,040,524,A,G
008,041,Z8,A,M
008,042,330,A,G
008,043,745,A,G
008,044,Z4,A,G
008,045,C1,A,
008,046,545,A,G
008,047,760,A,G
008,048,645,A,G
008,049,ALPINA,A,G
008,050,X3,A,G
008,051,Z1,A,M
008,052,120,A,M
008,053,116,A,M
008,054,550,A,G
008,055,650,A,G
008,056,130,A,M
008,057,HP,A,M
008,058,335,A,M
008,059,G,A,
008,060,X6,A,
008,061,135,A,
008,062,128,A,
008,063,X1,A,
008,064,640,A,
008,065,435,A,
008,066,428,A,
008,067,118,A,
008,068,S,,
008,069,420,,
008,070,228,,
008,071,235,,
009,001,EB,A,G
009,002,EB112,A,G
009,003,VEYRON,A,G
010,001,CENTURY,C,G
010,002,LE SABRE,C,G
010,003,PARK AVENUE,C,G
010,004,REGAL,C,G
010,005,RIVIERA,C,G
010,006,ROADMASTER,C,G
010,007,SKYLARK,C,M
010,008,SKYHAWK,C,M
010,009,SPECIAL,,
010,010,RAINIER,C,G
010,011,RENDEZVOUS,C,G
010,012,LACROSSE,C,G
010,013,TERRAZA,C,G
010,014,LUCERNE,C,G
010,015,ENCLAVE,C,G
010,016,ELECTRA,C,G
010,017,EXCELLE,C,
010,018,VERANO,A,
011,001,ALLANTE,B,G
011,002,BROUGHAM,B,G
011,003,DEVILLE,B,G
011,004,ELDORADO,B,G
011,005,FLEETWOOD,B,G
011,006,SEVILLE,B,G
011,007,CATERA,B,G
011,008,ESCALADE,B,G
011,009,CTS,B,G
011,010,XLR,B,G
011,011,SRX,B,G
011,012,STS,B,G
011,013,DTS,B,G
011,014,STS-V,B,
011,015,XLR-V,B,
011,016,ATS,B,
011,017,XTS,,
012,001,CUCCIOLO,A,P
012,002,MITO,A,P
012,003,PLANET,A,P
012,004,RIVER,A,P
012,005,CANYON,A,P
012,006,G CANYON,A,P
012,007,NAVIGATOR,A,P
012,008,RAPTOR,A,P
012,009,V RAPTOR,A,P
012,010,W12,,
013,001,ASTRO,I,G
013,002,BERETTA,I,M
013,003,BLAZER,B,G
013,004,C 1500,A,G
013,005,C 3500,A,G
013,006,C10,C,G
013,007,C30,A,G
013,008,C31,A,G
013,009,C60,A,G
013,010,C600,A,G
013,011,C70,A,G
013,012,C7000,A,G
013,013,CAMARO,D,G
013,014,CAPRICE,I,G
013,015,CAVALIER,F,G
013,016,CELEBRITY,I,M
013,017,CENTURY,I,G
013,018,CHASIS,A,G
013,019,CHEVETTE,I,P
013,020,CHEVY 500,C,P
013,021,CHEVY NOVA,I,G
013,022,CHEVY VAN,C,G
013,023,CORSICA,I,M
013,024,CORVETTE,A,G
013,025,EXPRESS,C,G
013,026,GRAND BLAZER,B,G
013,027,IMPALA,B,G
013,028,LUMINA,I,G
013,029,LUMINAAPV,I,G
013,030,LUV,A,G
013,031,MALIBU,B,G
013,032,MONTE CARLO,B,G
013,033,MONZA,I,P
013,034,NPR,A,G
013,035,P 31,A,G
013,036,S 10,C,G
013,037,SPORT VAN,C,G
013,038,SUBURBAN,C,G
013,039,SUPER CARRY,C,P
013,040,SWIFT,H,P
013,041,TAHOE,A,G
013,042,VITARA,B,M
013,043,CORSA,E,P
013,044,SAMURAI,B,P
013,045,C40,A,G
013,046,K 2500,B,G
013,047,C 2500,B,G
013,048,VENTURE,C,G
013,049,ESTEEM,C,P
013,050,METRO,I,P
013,051,PRIZM,I,M
013,052,TRACKER,C,M
013,053,SUPER BRIGADIER,A,G
013,054,R,B,G
013,055,FVR,A,G
013,056,BEL AIR,I,G
013,057,EL CAMINO,B,M
013,058,BRIGADIER,A,G
013,059,CHEVY METRO,A,G
013,060,C20,B,G
013,061,C50,A,G
013,062,TROOPER,C,G
013,063,C5500,A,G
013,064,C6500,A,G
013,065,C7500,A,G
013,066,C8500,A,G
013,067,W,A,G
013,068,T6500,A,G
013,069,T7500,A,G
013,070,T8500,A,G
013,071,CHEVELLE,I,G
013,072,CONCOURS,,
013,073,APACHE,A,M
013,074,WAGON R,H,P
013,075,CHR 660,A,G
013,076,ALTO,I,P
013,077,GRAND VITARA,A,G
013,078,JIMNY,C,M
013,079,SUNFIRE,F,M
013,081,BISCAYNE,I,M
013,082,6200,A,G
013,083,ASTRA,C,M
013,084,TRAILBLAZER,B,G
013,085,C274,,
013,087,AVALANCHE,A,G
013,088,ARGOSY,I,G
013,089,CHALET,,
013,090,WAYNE TRANSETTE,A,G
013,091,CONDOR,A,G
013,092,PHAETON,,
013,093,TITAN,A,G
013,094,SUPERIOR K,,
013,095,SSR,C,G
013,096,AVEO,G,G
013,097,COLORADO,A,G
013,098,EQUINOX,C,G
013,099,OPTRA,E,M
013,100,EPICA,C,M
013,101,COBALT,I,G
013,102,UPLANDER,C,G
013,103,HHR,I,G
013,104,MONTANA,B,M
013,105,SPARK,I,M
013,106,SPECTRUM,I,P
013,107,CAPTIVA,A,P
013,108,MERIVA,D,G
013,109,SILVERADO,A,M
013,110,NKR,A,G
013,111,CHEVY C2,F,
013,112,NHR,A,
013,113,TRAVERSE,C,
013,114,FSR,A,
013,115,EXR,A,
013,116,EXZ,A,
013,117,KALOS,I,
013,118,SONORA,C,
013,119,VOLT,I,
013,120,CLASSIC,I,
013,121,CELTA,I,
013,122,CRUZE,B,
013,123,LV,A,
013,124,SONIC,I,
013,125,ORLANDO,A,M
013,126,SAIL,I,
013,127,ONIX,,
013,128,NLR,,
013,129,TRAX,,
013,800,ANDINO,A,G
013,801,ALKON,A,G
013,802,A35,A,G
013,803,1988,A,G
013,804,INBUS,A,G
013,805,CARGO VAN / EXPRESS CARGO V,A,G
013,806,31003,A,G
013,807,1991,A,G
013,808,1993,A,G
013,809,C-330,A,
013,810,1974,A,M
013,811,1 AC29,A,M
013,812,1981,E,
013,813,1976,A,M
013,814,1977,A,M
013,815,1978,A,M
013,816,1979,A,M
013,817,1980,A,
013,818,1982,A,
013,819,1971,A,G
013,820,1.9.9.5,A,
013,821,P-81,A,
013,822,1989,A,
013,823,MINIMETRO,A,
013,824,B-350,A,
013,825,G-350,,
013,826,D-600,A,M
013,827,1984,A,G
013,828,1983,A,G
013,829,88,A,G
013,830,C-250,A,
014,001,CIRRUS,I,G
014,002,CONCORDE,I,G
014,003,FIFTH AVENUE,I,G
014,004,IMPERIAL,I,P
014,005,LE BARON,I,M
014,006,LHS,I,M
014,007,NEW YORKER,I,G
014,008,SEBRING,A,G
014,009,TOWN&COUNTRY,B,G
014,010,NEON,B,M
014,011,GRAND CARAVAN,A,G
014,012,STRATUS,G,M
014,013,300M,A,G
014,014,CNT900,,
014,015,PT  CRUISER,E,G
014,016,GRAND VOYAGER,I,G
014,017,VOYAGER,I,G
014,018,PACIFICA,C,G
014,019,CROSSFIRE,I,G
014,020,300,A,G
014,021,ASPEN,A,G
014,022,200,I,
014,023,CHRYSLER,I,
015,001,XM,D,G
015,002,II,,
015,003,SAXO,D,P
015,004,XANTIA,D,M
015,005,XSARA,B,M
015,006,C5,B,G
015,007,BERLINGO,C,M
015,008,C3,D,M
015,009,C2,D,M
015,010,C4,D,M
015,011,JUMPER,D,G
015,012,JUMPY,A,
016,001,1410,I,P
016,002,BREAK,I,P
016,003,524,I,P
016,004,1303,I,P
016,005,SUPER NOVA,I,P
016,006,1210,I,P
016,007,DUSTER,I,
017,001,CIELO,J,M
017,002,ESPERO,J,M
017,003,PRINCE,J,M
017,004,RACER,J,P
017,005,SUPER SALOON,E,P
017,006,TICO,J,P
017,007,DAMAS,C,P
017,008,LABO,C,P
017,009,LANOS,E,M
017,010,LEGANZA,E,G
017,011,NUBIRA,J,M
017,012,LUBLIN,C,G
017,013,CHUTO,A,G
017,014,MATIZ,J,P
017,015,MUSSO,C,G
017,016,CHAIRMAN,J,G
017,017,FSO,C,G
017,018,KORANDO,C,G
017,019,TACUMA,E,M
017,020,LACETTI,J,
017,021,NOVUS,,
018,001,APPLAUSE,K,P
018,002,CHARADE,K,P
018,003,CUORE,K,P
018,004,FEROZA,B,M
018,005,HIJET,C,P
018,006,ROCKY,B,M
018,007,DELTA,A,G
018,008,TERIOS,B,G
018,009,GRAN MOVE,K,
018,010,CHARMANT,K,
020,001,ASPEN,I,M
020,002,AVENGER,I,M
020,003,CARAVAN,B,G
020,004,COLT,I,M
020,005,CORONET,I,M
020,006,D 100,C,G
020,007,D 150,C,G
020,008,D 250,C,G
020,009,D 300,C,G
020,010,D 350,C,G
020,011,D 600,A,G
020,012,DAKOTA,A,G
020,013,DART,I,M
020,014,GRAND CARAVAN,A,G
020,015,INTREPID,E,G
020,016,NEON,B,G
020,017,RAM BR,A,G
020,018,RAM CHARGER,A,G
020,019,RAM VAN,C,G
020,020,RAM50,C,M
020,021,SHADOW,I,M
020,022,SPIRIT,I,M
020,023,STEALTH,E,G
020,024,STRATUS,G,G
020,025,VIPER,A,G
020,026,DYNASTY,I,G
020,027,MONACO,I,M
020,028,DAYTONA,I,G
020,029,RAM,A,G
020,030,DURANGO,C,G
020,031,D 200,A,G
020,032,CHARGER,A,P
020,033,DIPLOMAT,I,G
020,034,DEMON,I,M
020,035,WOODERMAN,K,
020,036,B 350,A,G
020,037,BRISA,G,P
020,038,D500,A,
020,039,D 400,,
020,040,B,A,G
020,041,MAGNUM,A,G
020,042,CALIBER,D,G
020,043,NITRO,A,G
020,044,SPRINTER,C,G
020,045,JOURNEY,C,G
020,046,CHALLENGER,A,
020,047,FORZA,B,
020,048,ATTITUDE,I,
020,800,DM,A,G
020,801,A35,A,G
020,802,1978,A,G
020,803,1978,A,G
020,804,SPARMAN,A,
020,805,1975,A,G
020,806,C-300,A,
020,807,1976,,
020,808,MAXI WAGON,A,G
020,809,1977,,
020,810,1977,,
020,811,1979,,
020,812,1980,A,G
020,813,1993,A,G
020,814,1992,A,
020,815,TRAEMAN 200,,
021,001,ST,A,P
021,002,916,A,P
021,003,SS,A,P
021,004,748,A,P
021,005,M,A,P
021,006,888,A,P
021,007,E,A,P
021,008,996,A,P
021,009,749,A,P
021,010,MULTISTRADA,A,P
021,011,HYPERMOTARD,A,
021,012,SUPERBIKE,A,
021,013,999,A,
022,001,SUMMIT,K,M
022,002,TALON,K,G
022,003,VISION,K,G
023,001,E-NT2000,A,G
023,002,600,A,G
023,003,610,A,G
023,004,E-NT 3.100,A,G
023,005,E-NT 3.200,A,G
023,006,E 410,A,G
023,007,E 5053,A,G
023,008,E 600,A,P
023,009,E-NT,A,G
023,011,E,A,G
023,012,E NT 610,A,G
023,013,61030,A,M
023,014,1987,A,G
023,015,ISUZU,A,
023,016,E160,,
023,017,MINIBUS,,
023,80,E NT 900,A,G
023,81,F-350,A,G
024,001,348,A,G
024,002,456,A,G
024,003,512,A,G
024,004,F355,A,M
024,005,F40,A,M
024,006,F50,A,M
024,007,MONDIAL,A,G
024,008,TESTAROSSA,A,G
024,009,550,A,G
024,010,360,A,G
024,012,SPIDER,A,M
024,013,575M,A,G
024,014,ENZO,A,M
024,015,F365,A,M
024,016,612,A,G
024,017,F430,A,G
024,018,F 308,A,M
024,019,599,A,
024,020,CALIFORNIA,A,
024,021,FF,A,
025,002,619,A,G
025,003,697,A,G
025,004,125,E,P
025,005,131,E,P
025,006,132,E,P
025,007,135,A,G
025,008,147,E,P
025,010,682,A,G
025,011,693,A,G
025,012,BRAVA,E,M
025,013,CROMA,E,M
025,014,FIORINO,C,P
025,015,PREMIO,I,P
025,016,REGATA,E,P
025,017,RITMO,I,P
025,018,SPAZIO,C,P
025,019,TEMPRA,E,M
025,020,TIPO,E,M
025,021,TUCAN,E,M
025,022,UNO,I,P
025,023,PUNTO,E,M
025,024,PANDA,E,P
025,025,330.30,A,G
025,026,65.9,A,G
025,027,OM,A,G
025,028,PALIO,F,M
025,029,COUPE,E,M
025,030,BRAVO,E,M
025,031,SIENA,F,M
025,032,CM52,,
025,034,MAREA,I,M
025,035,ULYSSE,E,G
025,036,DUCATO,C,G
025,037,124,E,G
025,038,628,A,G
025,039,418/165,A,G
025,040,SEICENTO,E,P
025,041,DI,,
025,042,BI,,
025,043,643,A,G
025,044,238,C,G
025,045,691,A,G
025,046,DOBLO,E,M
025,047,BARCHETTA,E,P
025,048,STILO,E,M
025,049,IDEA,E,M
025,050,CINQUECENTO,A,M
025,051,STRADA,C,
025,052,500,E,
025,053,LINEA,E,
025,054,GRAND SIENA,,
026,001,AEROSTAR,I,G
026,002,ASPIRE,J,P
026,003,BRONCO,C,G
026,004,CONQUISTADOR,J,G
026,005,CONTOUR,J,M
026,006,CORCEL,J,M
026,007,COUGAR,J,M
026,008,COUNTRY SQUIRE,J,P
026,009,CROWN,I,G
026,010,DEL REY,J,P
026,011,ECONOLINE,A,G
026,012,ESCORT,J,M
026,013,EXPLORER,A,G
026,014,F 150,A,G
026,015,F 350,A,G
026,016,F 450,A,G
026,017,F 7000,A,G
026,018,F 100,B,G
026,020,F 250,B,G
026,022,F5000,A,G
026,023,F 600,A,G
026,025,F 750,A,G
026,026,F 800,A,G
026,027,FAIRLANE,J,P
026,028,FAIRMONT,J,P
026,029,FESTIVA,J,P
026,030,FUTURA,J,P
026,031,GALAXIE,J,P
026,032,GRANADA,J,P
026,033,GRAND MARQUIS,A,G
026,034,GURI,A,G
026,035,LASER,E,G
026,036,LTD,J,G
026,037,MAVERICK,J,G
026,038,MUSTANG,A,G
026,039,ORION,J,M
026,040,PROBE,J,G
026,041,RANGER,A,G
026,042,SIERRA,J,G
026,043,TAURUS,A,G
026,044,TEMPO,J,M
026,045,THUNDERBIRD,I,G
026,046,WINDSTAR,C,G
026,047,ZEPHYR,J,G
026,048,CLUB WAGON,J,G
026,049,F 8000,A,G
026,050,EXPEDITION,A,G
026,051,FIESTA,I,M
026,052,F 250 SUPER DUTY,A,G
026,054,F 47,B,G
026,055,F 700,A,G
026,056,F 70,A,G
026,057,CORTINA,,
026,058,FALCON,J,P
026,059,F 900,A,G
026,060,TORINO,J,G
026,061,GRAN TORINO,J,G
026,062,B 600,A,M
026,063,B 750,A,M
026,064,F 5000,,
026,065,EXCURSION,A,G
026,066,FOCUS,C,M
026,067,GAZELLE,,
026,068,ESCAPE,A,G
026,069,MONDEO,J,M
026,072,KA,I,P
026,073,CARGO,A,G
026,074,A,,
026,075,B,,
026,076,L,A,
026,077,F 1000,,
026,078,PANTERA,,
026,079,SCORPIO,J,G
026,080,F 500,A,G
026,081,ECOSPORT,A,M
026,082,PUMA,J,P
026,083,F 650,A,G
026,084,F 550,A,G
026,085,FLEETWOOD,C,G
026,086,FIVE HUNDRED,J,G
026,087,FREESTYLE,C,G
026,088,GT,J,G
026,089,FREESTAR,J,G
026,090,FUSION,A,G
026,091,F 4000,A,
026,092,EDGE,B,
026,093,SHELBY,J,
026,094,FLEX,B,
026,095,TRANSIT,C,
026,096,COURIER,B,
026,097,KUGA,B,
026,800,ENCAVA,A,G
026,801,ECOLINE,A,G
026,802,INBUS,A,G
026,803,1.9.8.0,A,G
026,804,CARROCERIA ANDINA,A,G
026,805,ANDINO,A,G
026,806,MICROBUS,C,M
026,807,1988,A,G
026,808,750,A,G
026,809,E,A,G
026,810,B 350,A,G
026,811,1979,A,G
026,812,1982,A,G
026,813,1978,A,G
026,814,1977,A,G
026,815,1985,A,G
026,816,BLUE BIRD,A,G
026,817,1986,A,G
026,818,1976,A,M
026,819,1989,A,
026,820,1987,A,
026,821,1965,,
026,822,CONDOR III,,
026,823,1984,,
026,824,5ML,,
026,825,ALKON,,
026,826,G-350,,
026,827,BUSVEN,A,G
026,828,B-300 ENCAVA,A,G
026,829,MINIBUS,A,G
026,830,1981,A,G
026,831,CONDOR,A,G
026,832,DUM,A,M
026,833,300,C,M
026,834,1969,A,
027,001,METRO,G,P
027,002,PRIZM,G,M
027,003,STORM,G,M
027,004,TRACKER,B,M
028,001,7000,A,G
028,002,JIMMY,C,G
028,003,SAFARI,C,G
028,004,SAVANA,C,G
028,005,SIERRA,C,G
028,006,SONOMA,C,G
028,007,SUBURBAN,C,G
028,008,TYPHOON,C,G
028,009,VAN,C,G
028,010,YUKON,C,G
028,011,5000,A,G
028,012,3500,A,G
028,013,NPR,A,G
028,014,EV,C,G
028,015,ENVOY,C,G
028,016,8000,A,G
028,017,6000,A,G
028,018,PULL,,
028,019,C 8500,A,G
028,020,4000,A,G
028,021,C,A,G
028,022,BRIGADIER,A,G
028,023,R,,
028,024,CANYON,C,G
028,025,ACADIA,C,
028,026,TERRAIN,C,
028,027,1980,A,G
028,028,1986,A,G
028,029,1983,A,G
029,001,HERITAGE,A,
029,002,DYNA,A,
029,003,SPRINGER,A,
029,004,FAT BOY,A,
029,005,SOFTAIL,A,
029,007,SPORTSTER,A,
029,008,ROAD,A,
029,009,CLASSIC,A,
029,010,STANDAR,A,
029,011,VRSC,A,
029,012,TOUR GLIDE,A,P
029,013,ULTRA GLIDE,A,
029,014,BAD BOY,A,
029,015,SUPER GLIDE,A,
029,016,NIGHT TRAIN,A,
029,017,TOURING,A,
030,001,ACCORD,A,G
030,002,CIVIC,C,M
030,003,INTEGRA,F,M
030,004,LEGEND,A,G
030,005,ODYSSEY,C,G
030,006,PASSPORT,C,G
030,007,PRELUDE,A,M
030,008,VIGOR,F,G
030,010,HX,A,G
030,012,NX,A,P
030,013,CVX,A,P
030,014,CG,A,P
030,015,HELIX,A,P
030,016,ELITE,A,P
030,017,AERO,A,P
030,018,EV,F,G
030,020,CRV,A,G
030,021,CD,A,G
030,022,SK,A,G
030,023,SRX,A,P
030,024,CHA,A,P
030,025,CH,A,P
030,026,CN,A,P
030,027,FES,A,P
030,028,OR,A,G
030,029,CR,A,P
030,030,XR,A,P
030,031,CB,A,P
030,032,NV,A,P
030,033,XRV,A,P
030,034,VT,A,P
030,035,CBR,A,P
030,036,GL,A,P
030,037,NH,A,P
030,038,MARVEL,A,P
030,039,QR,A,P
030,040,Z,A,P
030,041,XLR,A,P
030,042,TRX,A,P
030,043,VF,A,P
030,044,VTR,A,P
030,045,VFR,A,P
030,046,ST,A,P
030,047,PC,A,P
030,048,CMX,A,P
030,049,RS,A,P
030,050,RC,A,P
030,051,CT,A,P
030,052,C,A,P
030,053,NHA,A,P
030,054,C100,A,P
030,055,CBX,A,P
030,056,S,F,M
030,057,INSIGHT,F,P
030,058,XL,A,P
030,059,LEAD,A,P
030,060,STREAM,F,G
030,061,WH,,
030,062,WY,,
030,063,FJS,A,P
030,064,FIT,C,G
030,065,AX-1,,
030,066,H,A,G
030,067,VTX,A,P
030,068,CONCERTO,F,M
030,069,FORESIGHT,A,P
030,070,HRV,C,M
030,071,PILOT,A,G
030,073,CHF,,
030,074,GYRO,,
030,075,ELEMENT,C,G
030,076,BCV,A,P
030,077,CRF,A,P
030,078,FORZA,A,P
030,079,RIDGELINE,C,G
030,080,NSS,A,G
030,081,NT,A,G
030,082,FMX,A,
030,083,SC,A,
030,084,NXR,A,
030,085,SDH,A,
030,086,CRZ,F,P
030,087,NRX,A,
030,088,JAZZ,F,
030,089,CROSSTOUR,F,
030,090,JOKER,,
031,001,ACCENT,J,G
031,002,ELANTRA,E,M
031,003,EXCEL,I,G
031,004,GRANDEUR,I,G
031,005,SCOUPE,I,P
031,006,SONATA,E,G
031,007,COUPE TIBURON,I,M
031,008,H 100,A,M
031,009,GALLOPER,A,M
031,010,SANTAMO,I,G
031,011,H 1,C,G
031,012,SANTA FE,A,G
031,013,ATOS,I,P
031,014,GRACE,I,P
031,015,VERNA,E,P
031,016,MATRIX,I,M
031,017,COUNTY,A,M
031,018,XG,I,G
031,019,TERRACAN,C,G
031,020,TUCSON,A,G
031,021,GETZ,I,M
031,022,AZERA,B,G
031,023,ENTOURAGE,I,G
031,024,HD,A,M
031,025,CHORUS,A,
031,026,VERACRUZ,A,
031,027,GENESIS,B,
031,028,AVANTE,I,
031,029,EQUUS,I,
031,030,I20,I,
031,031,VELOSTER,I,
031,032,I30,I,
031,033,GOLD,,
031,034,TRAGO,,
031,035,SUPER AERO CITY,,
031,036,MIGHTY,,
032,001,G20,K,M
032,002,I30,K,G
032,003,J30,K,G
032,004,M30,K,G
032,005,Q45,K,G
032,006,QX,C,G
032,007,I35,K,G
032,008,FX,C,G
032,009,M45,K,M
032,010,G35,K,M
032,011,M35,K,M
032,012,G37,K,
032,013,EX,K,
032,014,M56,K,
032,015,M37,K,
034,001,1750,A,G
034,002,1754,A,G
034,003,1850,A,G
034,004,1950,A,G
034,005,1954,A,G
034,006,2554,A,G
034,007,9670,A,G
034,008,2574,A,G
034,009,2575,A,G
034,010,1854,A,G
034,011,1650,A,G
034,012,1700,A,G
034,013,4700,A,G
034,014,4900,A,G
034,015,8100,A,G
034,016,8200,A,G
034,017,2674,A,G
034,018,5070,A,G
034,019,9200,A,G
034,020,9400,A,G
034,021,9800,A,G
034,022,1654,A,G
034,024,4600,A,G
034,025,8000,A,G
034,026,1724,,
034,027,9300,A,G
034,028,1977,A,G
034,029,2050,,
034,030,2070,,
034,031,AUTOBUS,,
034,032,PAYSTAR,A,G
034,033,4800,A,G
034,034,4400,A,G
034,035,5600,A,G
034,036,7400,A,G
034,037,1900,A,G
034,038,2200,A,G
034,039,1952,,
034,040,4200,A,G
034,041,7300,A,G
034,042,F,A,G
034,043,CXT,A,G
034,044,7100,A,G
034,045,7600,A,G
034,046,4300,A,G
034,047,CF,A,G
034,048,9100,A,
034,049,3000,A,G
034,050,1974,A,G
034,051,1984,A,M
034,052,2050,A,G
034,053,1.9.7.5,A,
035,001,AMIGO,B,G
035,002,CARIBE,B,G
035,003,HOMBRE,C,G
035,004,IMPULSE,K,M
035,005,LS,C,G
035,006,OASIS,K,G
035,007,RODEO,B,G
035,008,S,C,M
035,009,STYLUS,K,M
035,010,TROOPER,B,G
035,011,NPR,A,G
035,012,VEHICROSS,B,G
035,013,FTR,A,G
035,014,FSR,A,G
035,015,NKR,C,G
035,016,TFR,C,G
035,017,TFS,C,G
035,018,AXIOM,C,G
035,019,ASCENDER,C,G
035,020,i-SERIES,C,
035,021,CYZ,A,
036,001,5232,A,G
036,002,EC 120E,A,G
036,003,EC 150E,A,G
036,004,ET MP,A,G
036,005,330.30,A,G
036,006,619,A,G
036,007,65.9,A,G
036,008,697,A,G
036,009,A120E,A,G
036,010,A5912,A,G
036,011,TURBODAILY,A,G
036,012,391.35,A,G
036,013,A40.10,A,G
036,014,40.10,A,G
036,015,ET  MP 190,A,G
036,016,ET MP 380 E,A,G
036,017,59.12,A,G
036,018,440,A,G
036,019,CC,A,G
036,021,EC 100E,A,G
036,022,49.12,A,G
036,023,450,A,G
036,024,ML,A,G
036,025,60.12,A,G
036,026,40.12,A,G
036,027,240,A,G
036,028,ET AD,A,G
036,029,EC 230,A,G
036,030,570,A,G
036,031,740,A,G
036,032,70.12,A,G
036,033,49.19,A,G
036,034,200,A,G
036,035,A410T,A,G
036,036,35.10,A,
036,037,40.13,A,
036,038,38.13,A,
036,039,50.13,A,
036,040,70.13,A,
036,041,490,A,
036,042,70C16,A,
036,043,VERTIS,A,
036,044,50.12,A,
036,045,70C15,A,
036,046,90V16,A,
036,047,135E,A,G
037,001,XJ12,K,G
037,002,XJ6,K,G
037,003,XJR,K,G
037,004,XJS,K,G
037,005,XK8,K,G
037,006,XJ8,K,G
037,007,S,K,G
037,008,XKR,K,G
037,009,E,,
037,010,MK,,
037,011,X-TYPE,K,G
037,012,XJ,K,
037,013,XK,K,
037,014,XF,K,
037,015,F TYPE,K,
038,001,CHEROKEE,A,G
038,002,CJ5,B,G
038,003,CJ7,B,G
038,004,COMANCHE,B,G
038,005,GRAND WAGONEER,B,M
038,006,GRAND CHEROKEE,A,G
038,007,J10,B,G
038,008,RENEGADO,B,G
038,009,WAGONEER,B,G
038,010,WRANGLER,B,G
038,011,COMMANDER,A,G
038,012,CJ3,B,P
038,013,LIBERTY,B,G
038,014,COMPASS,B,G
038,015,PATRIOT,B,M
038,016,WILLYS,B,M
038,017,CJ4,A,M
039,001,VULCAN,A,P
039,002,NINJA,A,P
039,003,CONCOURS,A,P
039,004,VOYAGER,A,P
039,005,KLR,A,P
039,006,KE,A,P
039,007,KX,A,P
039,008,KLX,A,P
039,009,KDX,A,P
039,010,ELIMINATOR,A,P
039,011,ZRX,A,P
039,012,KB,A,P
039,013,KLF,A,P
039,014,EL,A,P
039,015,KLE,A,P
039,016,KR,A,P
039,017,ZZR,A,P
039,018,ER,A,P
039,019,Z,A,P
039,020,KZ,A,P
039,021,KFX,A,
039,022,ZG,A,
039,023,EN,,
039,024,MULE,A,
039,025,TERYX,A,
040,001,BESTA,J,G
040,002,CAPITAL,J,M
040,003,IZH,B,P
040,004,SEPHIA,G,M
040,005,SPORTAGE,B,G
040,006,CARNIVAL,G,G
040,007,ENTERPRISE,J,G
040,008,JOICE,J,G
040,009,TOWNER,B,P
040,010,RIO,I,M
040,011,SPECTRA,G,M
040,012,CARSTAR,,
040,013,CARENS,C,M
040,014,SHUMA,J,M
040,015,PREGIO,C,G
040,017,K 2700,B,G
040,018,OPTIMA,A,G
040,019,SEDONA,A,G
040,020,SORENTO,A,G
040,021,PICANTO,J,P
040,022,OPIRUS,A,G
040,023,AMANTI,A,G
040,024,CERATO,G,M
040,025,RONDO,A,
040,026,MAGENTIS,J,
040,027,BORREGO,A,
040,028,SOUL,J,
040,029,COMBI,A,
040,030,FORTE,J,
040,031,CADENZA,J,
040,032,K900,J,
040,033,MORNING,J,
040,034,CEED,J,M
041,001,21043,J,P
041,002,21051,J,P
041,003,21053,J,P
041,004,21060,J,P
041,005,21074,J,P
041,006,27150,C,P
041,007,27151,C,P
041,008,NIVA,C,G
041,009,SAMARA,J,G
041,010,ALFALINA,,
041,011,AQUARIUS,J,P
041,012,STAWRA,J,P
041,013,GLACIAL,J,P
041,014,PRIORA,J,
041,015,KALINA,J,
041,016,21214-147-20,C,
042,001,COUNTACH,A,G
042,002,DIABLO,A,G
042,003,MURCIELAGO,A,G
042,004,GALLARDO,A,G
042,005,REVENTON,A,
043,001,THEMA,K,M
043,002,LYBRA,K,M
043,003,PRISMA,K,
044,001,DEFENDER,A,G
044,002,DISCOVERY,A,G
044,003,LAND ROVER,A,G
044,004,RANGE ROVER,A,G
044,005,FREELANDER,A,G
044,006,LR3,A,G
044,007,LR2,A,
044,008,LR4,A,
045,001,ES,A,G
045,002,GS,A,G
045,003,LS,A,G
045,004,SC,A,G
045,005,LX,A,G
045,006,RX,A,G
045,007,IS,A,G
045,008,GX,A,G
045,009,HS,A,
045,010,LFA,A,
045,011,RC,,
046,001,CONTINENTAL,B,G
046,002,MARK VIII,B,G
046,003,TOWN CAR,B,G
046,004,MARK VII,B,G
046,005,NAVIGATOR,A,G
046,006,LS,B,G
046,007,MARK IV,B,G
046,008,AVIATOR,A,G
046,009,ZEPHYR,B,G
046,010,MKX,A,
046,011,MKZ,B,
046,012,MKS,B,
046,013,MARK LT,A,
046,014,MKT,B,
046,015,MKC,,
047,001,ESPRIT,A,G
047,002,ELISE,A,P
047,003,ELAN,A,P
047,004,EXIGE,A,
047,005,EVORA,A,
048,001,DM 811,A,G
048,002,DM 812,A,G
048,003,R 609,A,G
048,004,R 611,A,G
048,005,R 612,A,G
048,006,R 686,A,G
048,007,R 688,A,G
048,008,RD 688,A,G
048,009,CH 613,A,G
048,011,RD 690,A,G
048,012,MS,A,G
048,013,G,A,G
048,014,B 70,,
048,015,MH,A,G
048,016,R 685,A,G
048,017,DM 685,A,G
048,018,CH 612,A,G
048,019,DM 685,A,G
048,020,R,A,G
048,021,B,,
048,023,RD 685,A,G
048,024,MR,A,G
048,025,CV,A,G
048,026,CX,A,G
048,027,DM,A,G
048,028,CT,A,
048,029,F,A,G
048,030,CXN,A,
048,032,GU,A,
048,033,CL,A,G
048,034,CXU,A,G
048,035,LD CORTO,A,G
048,036,1976,A,G
048,037,1987,A,G
048,038,B73T,A,G
048,039,1969,A,G
048,1969,1969,A,M
049,002,2.24,K,M
049,003,4.24,K,G
049,004,430,K,G
049,005,GHIBLI,K,G
049,006,KARIF,K,G
049,007,QUATTROPORTE,K,G
049,008,SHAMAL,K,G
049,009,SPYDER,K,G
049,010,3200GT,K,G
049,011,COUPE,K,G
049,012,GRANSPORT,K,G
049,013,GRANTURISMO,K,
050,001,323,E,P
050,002,626,E,M
050,003,929,C,G
050,004,ALLEGRO,E,M
050,005,B,A,G
050,006,CARGO,C,P
050,008,MPV,C,G
050,009,MX 3,E,M
050,010,MX 5,E,M
050,011,MX 6,E,M
050,012,NAVAJO,C,G
050,013,PROTEGE,E,M
050,014,RX 7,C,M
050,015,T 45,C,G
050,016,MILLENIA,E,G
050,017,TRIBUTE,C,G
050,018,121,E,P
050,019,6,C,G
050,020,RX 8,C,G
050,021,3,C,M
050,022,DEMIO,E,M
050,023,5,A,G
050,024,CX,A,G
050,025,BT,A,G
050,026,2,E,G
050,027,MAZDA,E,P
050,028,1991,,
051,001,190E,A,M
051,002,200,A,G
051,003,230,A,P
051,004,250,A,P
051,005,280,A,P
051,006,C,A,G
051,007,CE,A,G
051,008,E,A,G
051,009,GELANDEWAGEN,A,G
051,010,S,A,G
051,011,SEC,A,G
051,012,SL,A,G
051,013,SLC,A,G
051,014,TE,A,G
051,015,D,A,G
051,016,L1924,A,G
051,017,SLK,A,G
051,018,CL,A,G
051,019,CLK,A,G
051,020,ML,A,G
051,022,SPRINTER,A,G
051,023,V,A,G
051,025,LA,A,G
051,026,MB 140,A,G
051,027,A,A,M
051,028,1720/48,A,G
051,029,OH,A,G
051,030,UNIMOG,A,G
051,031,MB 100,A,G
051,032,MB 800,A,G
051,033,ACTROS,A,G
051,034,2320,A,G
051,035,SDL,A,G
051,036,1418,A,G
051,037,L 1319,A,G
051,038,L2213 42,A,G
051,039,L,A,G
051,040,OF,A,G
051,041,413 D,,
051,042,SK,,
051,043,LK,A,G
051,044,RSD,A,G
051,045,SCL,A,G
051,046,LO,A,G
051,047,1218,A,G
051,048,LN,A,G
051,049,LS,A,G
051,050,CLS,A,G
051,051,SLR,A,G
051,052,R,A,G
051,053,B,A,M
051,054,GL,A,G
051,055,CENTURY,A,G
051,056,ATEGO,A,G
051,057,AXOR,A,G
051,058,VANEO,A,
051,059,VARIO,A,
051,060,2423,A,G
051,061,GLK,A,G
051,062,ACCELO,A,
051,063,SLS,A,
051,064,VITO,A,
051,065,1718,,
051,066,CLA,,
052,001,COUGAR,K,G
052,002,GRAND MARQUIS,A,G
052,003,MYSTIQUE,J,M
052,004,SABLE,J,G
052,005,TRACER,J,M
052,006,VILLAGER,J,G
052,007,MOUNTAINEER,B,G
052,008,TOPAZ,J,M
052,009,CAPRI,J,M
052,010,MONTEREY,J,G
052,011,950,,
052,012,MARINER,B,G
052,013,MONTEGO,J,G
052,014,MILAN,J,G
052,015,MONTCLAIR,,
052,016,M,,
052,017,MARQUIS,,
053,001,MINICORD,A,M
054,001,C,A,M
055,001,3.000,C,G
055,002,BUS,A,G
055,003,CANTER,A,G
055,004,COLT,C,P
055,005,DIAMANTE,D,G
055,006,ECLIPSE,C,G
055,007,EXPO,C,M
055,008,GALANT,D,G
055,009,L300,C,G
055,010,LANCER,F,G
055,011,MF,G,G
055,012,MIGHTY,B,M
055,013,MINIBUS,A,G
055,014,MIRAGE,G,P
055,015,MONTERO,A,G
055,016,MS,C,B
055,017,MX,G,P
055,018,SIGMA,D,P
055,019,SPACE WAGON,D,G
055,020,STAR WAGON,C,P
055,021,VAN,C,M
055,022,VR,C,M
055,023,ZX,C,M
055,024,KUROBI,A,
055,025,PRECIS,C,P
055,026,FH,A,G
055,027,FK,A,G
055,028,FM,A,G
055,029,FV,A,G
055,030,FUSO,A,G
055,031,BE647,,
055,033,FREECA,B,G
055,034,VARICA,C,G
055,035,SIGNO,H,P
055,036,NATIVA,B,P
055,037,MK,A,G
055,038,OUTLANDER,A,G
055,039,ENDEAVOR,B,G
055,040,GRANDIS,C,G
055,041,RAIDER,B,G
055,042,FTO,A,G
055,043,FP,A,G
055,044,PAJERO,C,M
055,045,L200,A,
055,046,P04WSRPL,A,
055,047,E33ASNGML,A,
056,001,200,C,P
056,002,240,C,M
056,003,300,C,G
056,004,ALTIMA,C,G
056,005,BLUEBIRD,C,M
056,006,LAUREL,C,M
056,007,MAXIMA,C,G
056,008,NX,C,M
056,009,PATHFINDER,A,G
056,010,PATROL,B,G
056,011,PICKUP,A,G
056,012,QUEST,E,G
056,013,SENTRA,F,M
056,014,STANZA,C,M
056,015,CHASIS CABINA,B,M
056,016,PRIMERA,E,M
056,017,FRONTIER,A,G
056,018,TERRANO,B,G
056,019,XTERRA,A,G
056,020,PULSAR,C,P
056,021,TRADE,B,G
056,022,X TRAIL,A,G
056,023,350,C,G
056,024,MURANO,A,G
056,025,AXXESS,C,M
056,026,TITAN,B,G
056,027,ARMADA,B,G
056,028,URVAN,C,G
056,029,CABSTAR,A,G
056,030,VANETTE,C,G
056,031,MICRA,C,G
056,032,ALMERA,C,G
056,033,VERSA,C,M
056,034,SERENA,C,M
056,035,TIIDA,D,M
056,036,SUNNY,C,M
056,037,ROGUE,A,
056,038,NOTE,C,
056,039,370,C,
056,040,CUBE,C,
056,041,GT-R,C,
056,042,UD,A,
056,043,QASHQAI,A,
056,044,JUKE,A,
056,045,CIVILIAN,A,
056,046,ATLEON,A,
056,047,NV,C,
056,048,MARCH,,
057,001,ACHIEVA,K,M
057,002,AURORA,K,G
057,003,BRAVADA,B,G
057,004,CUTLASS,K,G
057,006,EIGHTY EIGHT,K,G
057,007,NINETY EIGHT,K,G
057,008,SILHOUETTE,K,G
057,009,TORONADO,K,G
057,010,INTRIGUE,K,G
057,011,ALERO,K,G
057,012,DELTA,K,G
057,013,1970,,
057,015,CUSTOM CRUISER,K,G
057,016,STARFIRE,,
057,017,F 85,,
057,018,FIRENZA,K,
058,001,ASTRA,G,M
058,002,CALIBRA,G,M
058,003,CORSA,G,M
058,004,OMEGA,G,G
058,005,VECTRA,G,G
058,006,MANTA,G,P
058,007,ASCONA,G,P
058,008,REKORD,G,M
058,009,KADETT,G,P
058,010,TIGRA,G,P
058,011,ZAFIRA,G,G
058,012,FRONTERA,B,G
058,013,MERIVA,G,
058,014,ANTARA,G,
058,015,SINTRA,,
059,001,1089,A,G
059,002,1207,A,G
059,003,1217,A,G
059,004,1223,A,G
059,005,2081,A,G
059,006,3089,A,G
059,007,5231,A,G
059,008,9955,,
059,009,EURO,,
059,010,5036,A,G
059,011,5232,A,G
059,012,1080,A,G
059,013,1978,A,
060,001,205,D,P
060,002,306,D,M
060,003,405,D,M
060,004,505,D,M
060,005,605,D,G
060,006,309,D,P
060,007,SPEEDFIGHT,A,P
060,008,TREKKER,A,P
060,009,VIVACITY,A,P
060,010,FOX MEX,A,P
060,011,ELYSEO,A,P
060,012,106,D,P
060,013,206,D,M
060,014,406,D,G
060,015,806,D,G
060,016,607,D,G
060,017,504,D,M
060,018,307,D,M
060,019,J5,B,G
060,020,407,D,G
060,021,PARTNER,C,P
060,022,EXPERT,D,P
060,023,207,D,
060,024,408,D,
060,025,4007,C,
060,026,5008,C,
060,027,308,D,
061,001,VESPA,A,P
061,002,PX,A,P
061,003,PUCH,A,P
061,004,ZIP,A,P
061,005,SFERA,A,P
061,006,TYPHOON,A,P
061,007,SKIPPER,A,P
061,008,HEXAGON,A,P
061,009,APE TM,A,P
061,010,NRG,A,P
061,011,RUNNER,A,P
061,012,LIBERTY,A,P
061,013,STALKER,A,P
061,014,WINNER,A,P
061,015,COUGAR,A,P
061,016,DNA,A,P
061,017,X9,A,P
061,018,BEVERLY,A,P
061,019,DIESIS,A,P
061,020,SUPER HEXAGON,A,P
061,021,ADIVA,A,P
061,022,MP3,A,
062,001,ACCLAIM,E,M
062,002,BREEZE,E,M
062,003,COLT,E,M
062,004,GRAND VOYAGER,E,G
062,005,LASER,E,M
062,006,NEON,E,M
062,007,VOYAGER,E,G
062,008,PROWLER,E,M
062,009,SUNDANCE,E,M
062,010,BELVEDERE,E,M
062,011,VALIANT,E,M
062,012,GRAN FURY,E,M
062,013,FURY,E,M
062,014,ARROW,E,M
062,015,CARAVELLE,E,M
062,016,CUDA,E,G
062,017,B-300,A,
062,018,1983,A,M
062,019,D-300,A,
063,001,BONNEVILLE,E,G
063,002,FIREBIRD,E,G
063,003,GRAND AM,E,G
063,004,GRAND PRIX,E,G
063,007,SUNBIRD,E,M
063,008,SUNFIRE,E,M
063,009,TRANSSPORT,E,G
063,010,LEMANS,E,P
063,011,PARISIENNE,E,P
063,012,MONTANA,E,G
063,013,TEMPEST,E,M
063,014,AZTEK,C,G
063,016,FIERO,E,M
063,017,GTO,E,G
063,018,VIBE,C,M
063,019,SOLSTICE,E,M
063,020,G6,E,G
063,021,TORRENT,C,G
063,022,6000,E,G
063,023,G5,E,M
064,001,911,A,G
064,002,928,A,G
064,003,930,A,M
064,004,944,A,M
064,005,968,A,G
064,007,924,A,G
064,008,BOXSTER,A,M
064,009,CAYENNE,A,G
064,010,CARRERA GT,A,M
064,011,CAYMAN,A,M
064,012,PANAMERA,A,
064,013,MACAN,C,
065,001,11,E,P
065,002,12,E,P
065,003,16,E,P
065,004,18,E,P
065,005,19,E,M
065,006,21,E,M
065,007,30,E,M
065,008,5,E,P
065,009,CLIO,G,P
065,010,EXPRESS,C,P
065,011,FUEGO,E,P
065,012,GALA,E,P
065,013,SAFRANE,E,G
065,014,TRAFIC,C,G
065,015,9/MAXIMO,E,G
065,016,TWINGO,H,P
065,017,SCENIC,C,M
065,018,G,A,
065,019,ESPACE,E,G
065,020,MEGANE,C,M
065,021,LAGUNA,E,M
065,022,KANGOO,C,P
065,023,SYMBOL,G,P
065,024,MASCOTT,C,G
065,025,LOGAN,G,P
065,026,MASTER,E,
065,027,KERAX,A,
065,028,MIDLINER,B,
065,029,SANDERO,E,M
065,030,GRAND SCENIC,E,
065,031,KOLEOS,B,
065,032,4,E,
065,033,DUSTER,B,
065,034,CAPTUR,,
066,001,CORNICHE,A,G
066,002,SILVER DAWN,A,G
066,003,SILVER SPUR,A,G
066,004,SPUR,A,G
066,005,TOURING,A,G
066,006,PARK WARD,A,G
066,007,SILVER SERAPH,A,G
066,008,ROLLS ROYCE,,
066,009,PHANTOM,A,G
066,010,GHOST,A,
067,001,MINI,K,P
067,002,214,K,P
067,003,216,K,M
067,004,220,K,M
067,005,111,K,P
067,006,114,K,P
067,007,414,K,P
067,008,416,K,M
067,009,420,K,M
067,010,618,K,M
067,011,620,K,M
067,012,623,K,M
067,013,820,K,M
067,014,825,K,G
067,015,827,K,G
067,016,ESTATE,K,M
067,017,TOURER,K,M
067,018,MGF,K,P
067,019,CONCERTO,,
067,020,75,K,G
067,021,25,K,P
067,022,45,K,M
067,056,RANGE,K,M
068,001,900,K,G
068,002,9000,K,G
068,003,9-5,K,G
068,004,9-3,K,G
068,005,9-2,K,G
068,006,9-7,C,G
068,007,9-4,C,
069,001,SC,K,G
069,002,SL,K,G
069,003,SW,K,G
069,004,L,K,G
069,005,VUE,C,G
069,006,ION,K,M
069,007,L 300,K,G
069,008,RELAY,K,G
069,009,SKY,K,M
069,010,AURA,K,G
069,011,OUTLOOK,C,
070,001,AROSA,D,P
070,002,IBIZA,C,M
070,003,CORDOBA,C,M
070,004,TOLEDO,B,M
070,005,ALHAMBRA,D,G
070,006,MARBELLA,D,P
070,007,TERRA,A,P
070,008,MALAGA,D,P
070,009,LEON,B,M
070,010,ALTEA,B,G
071,001,FAVORIT,I,P
071,002,FORMAN,I,P
071,003,PICK UP,C,P
071,004,FELICIA,I,P
071,005,FABIA,I,M
071,006,OCTAVIA,I,P
071,007,ROOMSTER,I,
072,001,IMPREZA,C,G
072,002,JUSTY,C,P
072,003,LEGACY,C,G
072,004,LOYALE,C,M
072,005,SVX,C,G
072,006,FORESTER,B,G
072,007,OUTBACK,C,G
072,008,BAJA,B,G
072,009,VIVIO,C,P
072,010,B9,C,
072,011,BRZ,C,
073,001,ESTEEM,K,M
073,002,SAMURAI,B,P
073,003,SIDEKICK,B,M
073,004,SUPER CARRY,C,P
073,005,SWIFT,K,P
073,006,X 90,A,M
073,007,GN,A,P
073,009,DR,A,
073,010,TF,A,P
073,011,ALTO,K,P
073,012,FR,A,P
073,013,AX,A,P
073,014,TS,A,P
073,015,GS,A,P
073,016,INTRUDER,A,P
073,017,GSX,A,P
073,018,SAVAGE,A,P
073,019,TL,A,P
073,020,GSF,A,P
073,021,RM,A,P
073,022,RMX,A,P
073,023,DS,A,P
073,024,JR,A,P
073,025,RF,A,P
073,026,GRAND VITARA,A,G
073,027,VITARA,B,M
073,028,MARAUDER,A,M
073,029,SV,A,P
073,030,FA,A,P
073,031,SP,A,P
073,032,XF,A,P
073,033,GZ,A,P
073,034,BALENO,K,P
073,035,JIMNY,B,P
073,037,DF,A,P
073,038,LT,A,P
073,039,SKY WAVE,A,P
073,040,AN,A,P
073,042,IGNIS,K,P
073,043,XL7,B,G
073,044,LIANA,K,M
073,046,CARRY,B,P
073,047,AERIO,K,M
073,048,FORENZA,K,M
073,049,VERONA,K,G
073,050,BOULEVARD,A,P
073,051,BURGMAN,A,P
073,052,RENO,K,G
073,053,BEST,A,P
073,054,VIVAX,A,P
073,055,DL,A,P
073,056,ADDRESS,A,P
073,057,SB,A,P
073,058,SX4,K,
073,059,GT,A,
073,060,UY,A,
073,061,GSR,A,
073,062,TR,A,
073,063,KIZASHI,K,
073,064,EN,A,
074,001,4RUNNER,A,G
074,002,AVALON,C,G
074,003,CAMRY,A,G
074,004,CELICA,A,M
074,005,COROLLA,A,M
074,006,CRESSIDA,A,G
074,007,CROWN,C,G
074,008,DYNA,A,
074,009,HILUX,A,G
074,010,LAND CRUISER,A,G
074,011,LAND CRUISER S.WAGON,A,G
074,012,MR2,C,P
074,013,PASEO,C,P
074,014,PICK UP,A,G
074,015,PREVIA,A,G
074,016,RAV4,B,M
074,017,STARLET,C,P
074,018,SUPRA,C,G
074,019,T100,A,G
074,020,TACOMA,A,G
074,021,TERCEL,C,P
074,022,CORONA,C,M
074,023,SIENNA,A,G
074,024,COASTER,A,G
074,025,TUNDRA,A,G
074,026,PICNIC,C,M
074,027,YARIS,B,P
074,028,ECHO,C,P
074,029,PRIUS,C,M
074,030,SEQUOIA,A,G
074,031,HIGHLANDER,C,G
074,032,AVENSIS,C,G
074,033,TERIOS,B,P
074,034,CARINA,C,P
074,035,HIACE,C,G
074,036,MATRIX,C,G
074,037,VAN,C,G
074,038,MONTACARGA,,
074,039,FJ CRUISER,A,
074,040,FORTUNER,A,G
074,041,VENZA,C,M
074,042,GTM,C,
074,043,AVANZA,C,G
074,044,VIOS,C,
074,045,AURIS,C,
074,046,ETIOS,A,P
075,001,ADVENTURER,A,P
075,002,THUNDERBIRD,A,P
075,003,DAYTONA,A,P
075,004,SPEED TRIPLE,A,P
075,005,TROPHY,A,P
075,006,SPRINT,A,P
075,007,TRIDENT,A,P
075,008,TIGER,A,P
075,009,ROCKET,A,P
075,010,SPEEDMASTER,A,P
075,011,BABY SPEED,A,P
075,012,BONNEVILLE,A,
075,013,SCRAMBLER,A,
075,014,STREET TRIPLE,A,
075,015,GT6,,
077,001,VESPA,A,P
078,001,BRASILIA,E,P
078,002,CABRIO,E,M
078,003,CABRIOLET,E,P
078,004,CORRADO,A,M
078,005,ESCARABAJO,E,P
078,006,EUROVAN,C,G
078,007,GOL,C,M
078,008,GOLF,A,M
078,009,JETTA,A,G
078,010,KOMBI,C,M
078,012,PASSAT,A,G
078,013,VENTO,E,M
078,014,FOX,C,P
078,015,NEW BEETLE,E,G
078,016,CARAVELLE,E,G
078,017,VANAGON,E,M
078,018,POLO,E,M
078,019,BORA,B,M
078,020,SHARAN,E,G
078,021,SAVEIRO,C,P
078,022,PARATI,B,P
078,023,8.140,,
078,024,SANTANA,E,M
078,025,GTI,E,M
078,026,CADDY,C,M
078,027,LUPO,E,P
078,028,TOUAREG,A,G
078,029,PHAETON,E,G
078,030,R32,E,G
078,031,DERBY,E,M
078,032,GAZELLE,E,M
078,033,18.310,A,G
078,034,17.220,A,G
078,035,31.310,A,G
078,036,MULTIVAN,E,G
078,037,9.150,A,G
078,038,17.240,A,G
078,039,CROSS FOX,E,M
078,040,17.210,A,G
078,041,EOS,E,G
078,042,RABBIT,E,G
078,043,SPACEFOX,C,
078,044,11.130,A,G
078,045,CRAFTER,C,G
078,046,24.220,A,
078,047,8.150E,A,
078,048,CC,E,
078,049,GLI,E,
078,050,TIGUAN,A,
078,051,VOYAGE,E,
078,052,15.180,,
078,053,24.250,A,
078,054,TOURAN,E,
078,055,AMAROK,C,
078,056,ROUTAN,E,
079,001,460,B,P
079,002,850,B,G
079,003,940,B,G
079,004,960,B,G
079,005,240,B,M
079,006,740,B,G
079,007,S70,B,G
079,008,V70,B,G
079,009,S90,B,G
079,010,V90,B,G
079,011,C70,B,G
079,012,S80,B,G
079,013,B10M,A,G
079,014,S40,B,G
079,015,V40,B,M
079,016,B12,A,G
079,017,WAH,A,G
079,018,PARADISO,A,G
079,019,760,B,G
079,020,XC,B,G
079,021,S60,B,G
079,022,V50,B,G
079,023,FH,A,G
079,024,VM,A,G
079,025,F,A,G
079,026,NH,A,G
079,027,FE,A,G
079,028,FM,A,G
079,029,ANDARE CLASS,A,
079,030,VHD,A,
079,031,C30,B,
079,032,ACL,A,
079,033,WG,,
080,001,CY,A,P
080,002,DT,A,P
080,003,PERLA,A,P
080,004,RX,A,P
080,005,RD,A,
080,006,RZ,A,
080,007,DX,A,
080,008,ROYAL STAR,A,
080,009,XTZ,A,
080,010,XV,A,
080,011,YZF,A,
080,012,XT,A,
080,013,V MAX,A,
080,014,WARRIOR,A,
080,015,PW,A,
080,016,BWS,A,
080,017,YT,A,
080,018,SR,A,
080,019,XJN,A,
080,020,TDM,A,
080,021,R1,A,
080,022,YZ,A,
080,023,YFB,A,
080,024,YFA,A,
080,025,YFS,A,
080,026,YFM,A,
080,027,YP,A,
080,030,YZZ,A,
080,031,WR,A,
080,032,LB,A,
080,033,FZR,A,
080,035,TW,A,
080,036,RT,A,
080,037,SECA,A,
080,038,TZ,A,
080,039,GTS,A,
080,040,FR,,
080,041,XJ,A,
080,042,T,A,
080,043,XVZ,A,
080,044,FZX,A,
080,045,XVS,A,
080,046,XRW,A,
080,047,CABIN,A,
080,048,CHAMP,A,
080,049,XJR,A,
080,050,XP,A,
080,051,FZ,A,
080,052,YBR,A,
080,053,RS,A,
080,054,FJR,A,
080,055,AXIS,A,
080,056,TTR,A,
080,057,STRATOLINER,A,
080,058,CW,A,
080,059,JYM,A,
080,060,V,A,
080,061,TZR,A,
080,063,YD,A,
080,064,GRAN AXIS,A,
080,065,YB,A,
080,066,TDR,A,
080,067,MT01,A,
080,068,RXS,A,
080,069,AT,A,
080,070,YS,A,
080,071,YXR,A,
080,072,YFZ,A,
080,073,CP,A,
081,001,CABRIOLET,K,
081,002,GV,K,
082,001,CHETAK,A,P
082,002,KB,A,P
082,003,CLASSIC,A,
082,004,BOXER,A,
082,005,PULSAR,A,
082,006,CT,A,
082,007,DISCOVER,A,
082,008,AVENGER,A,
083,001,LOWBOY,A,P
083,002,SEMIREMOLQUE,A,G
083,003,TANQUE,A,G
083,004,REMOLQUE,A,G
083,005,CAR CARRIER,A,G
083,006,CASA RODANTE,,
083,007,TANQUE DE GASOLINA,,
084,001,FREECLIMBER,C,G
084,002,CAT,,
085,001,FLD 120,A,G
085,002,FL 80,A,G
085,003,COLUMBIA CL 120,A,G
085,004,CL 120,A,G
085,005,M2,A,G
085,006,FL 106,C,G
085,007,FLT,A,G
085,008,FL 112,A,
085,009,FL 50,,
086,001,HUMMER,C,G
086,002,FJ 8,C,G
087,001,REGAL RAPTOR,A,G
088,001,TORNADO,A,P
088,002,PMX,A,P
088,003,CHARGE,A,P
088,004,T REX,A,P
088,005,XR,A,P
088,006,BIG MAX,A,P
089,001,KALLISTA,K,P
089,002,LIMA,K,P
089,003,ROADSTER,K,P
090,001,T 600,A,G
090,002,K,C,G
090,003,T,A,G
090,004,T 300,A,G
090,005,W,A,G
091,001,KORANDO,C,G
091,002,MUSSO,C,G
091,003,REXTON,C,
091,004,ACTYON,C,
092,001,1968,,
092,002,F500,,
092,003,D,,
093,001,M35,,
094,001,JC,A,G
094,002,JH,A,G
095,002,JUMBUSS,A,G
095,003,MASSTER,A,
096,001,PARADISO,A,G
096,002,ANDARE CLASS,A,G
096,003,VIAGGIO,A,
096,004,TORINO,A,
097,001,FORMULA,A,G
097,002,DRAGSTER,A,G
097,003,TORPEDO,A,G
097,004,VELOCIFERO,A,G
098,001,ORINOCO,A,G
098,002,GAVIOTA,A,G
098,003,METROBUS,A,G
098,004,LEYLAND,A,G
098,005,A-475,A,G
098,006,1993,A,G
099,001,ARROW,K,
099,002,HUNTER,K,
100,001,175,A,G
101,001,HORNET,K,G
101,002,JAVELIN,K,G
101,003,RAMBLER,,
102,001,COBA,,
103,001,EVASION,,
103,002,COSTA,,
104,001,TWIN SPORT,A,
104,002,STYLE,A,G
104,003,CHOPPER,A,G
104,004,SIDECAR,,
104,005,JW,A,
106,001,JL,A,P
106,002,JH,A,P
106,003,TX,A,P
108,001,EASY,A,M
108,002,EAGLET,A,M
108,003,TYPHOON,A,M
108,004,BEVERLY,A,P
108,005,RUNNER,A,P
108,006,DNA,A,P
108,007,ICE,A,P
108,008,COUGAR,A,P
108,009,NEXUS,A,P
109,001,BUSSCAR,A,G
109,002,NIELSON,A,G
109,003,JUN BUSS,A,G
109,004,K,,
109,005,L,A,G
109,006,D,A,G
109,007,C,A,G
109,008,G,A,G
109,009,I,A,G
109,010,T,A,G
109,011,E,A,G
109,012,MARCOPOLO,A,G
109,013,CENTURY,A,G
109,014,R113,A,G
109,015,R,A,G
109,016,PANORAMICO,A,
109,017,P,A,
110,001,F7000,,
111,001,R10,A,P
111,002,R15,A,P
111,003,PEGASUS,A,P
111,004,BOXER,A,P
111,005,BISIA,A,P
111,006,SRX,A,
111,007,BX,A,
114,007,PACKARD,,
115,001,700,,
116,001,URBANO,A,G
116,002,TURISMO,A,G
116,003,TURISMO DE LUJO,A,G
117,001,2115,,
118,001,HCF,,
118,002,551605,A,
118,003,643069,A,
118,004,54323,A,
118,005,533632,A,
118,006,630333,A,
118,007,643018,A,
118,008,643008,A,
118,009,256,A,
118,010,4370,,
118,011,630305,A,
118,012,437141,,
118,013,630303,,
118,014,544008,,
119,001,XF,A,G
120,001,SMART,K,P
120,002,FORTWO,K,
121,001,DELAGE,,
122,001,ST,,
123,001,PAZ,,
124,001,BLUE BIRD,A,G
124,002,ALL AMERICAN,A,G
124,003,BUS,A,G
124,004,1977,A,G
124,005,350,A,G
125,001,MS,,
125,002,FF 17,C,G
125,003,338,C,
125,004,816,C,
125,005,1017,C,
125,006,FC4J,A,
125,007,1524,C,
125,008,815,C,
125,800,3816,C,G
126,001,RANGER,,
126,002,HORNET,K,
127,001,60/6T,A,P
127,002,METROBUS,A,P
127,003,MINIBUS,A,P
127,004,60-6D,A,
127,005,1987,A,
127,006,M-24,A,
127,007,1990,A,
128,001,ECLIPSE,A,G
129,001,DM,,
130,001,CONVENCE,,
130,002,4000,,
130,003,WESTERN,,
131,001,JS,A,P
132,001,THUNDER,A,P
132,002,SILVER FOX,A,P
132,003,TB,A,P
133,001,39094,C,G
133,002,31519,C,G
133,003,220602,C,G
133,004,39629,C,G
134,001,EASY,A,G
135,001,XF,A,G
136,001,54112,A,G
136,002,6520,A,
136,003,6460,A,
136,004,65201,A,
136,005,4308,A,
137,001,Periferico,A,G
137,003,Minibus,A,G
137,004,120E18,A,G
138,001,11200,C,P
139,001,HUSKY,A,P
139,002,TE,A,P
139,003,CR,A,P
139,004,WR,A,P
139,005,TC,A,P
139,006,SM,A,
139,007,FC,,
140,001,F4,A,P
140,002,BRUTALE,A,
141,001,161,,
142,001,JL,A,P
142,002,CK,G,P
142,003,HA,K,M
142,004,PU,C,M
142,005,MK,K,G
142,006,FC,K,
143,001,VANGUARD,,
144,001,L,A,G
144,002,LT,A,
145,001,GJ,A,G
146,001,1.9.5.8.,,
146,002,MGB,,
147,001,PINZGAUER,B,G
148,001,PAMPERA,A,P
148,002,MC,A,P
148,003,TXT,A,P
148,004,SM,A,P
149,001,MADISON,A,P
149,002,F,A,P
150,001,COBRA,K,P
151,001,DMC-12,K,
152,001,EXC,A,M
152,002,SX,A,P
152,003,ADVENTURE,A,P
152,004,SMC,A,P
152,005,SUPERMOTO,A,P
152,006,SUPERDUKE,A,P
152,007,SMR,A,P
152,008,RC,A,
152,009,XC,A,
152,010,XCF,A,
152,011,XCR-W,A,
152,012,SUPER ENDURO,,
152,013,RALLY,,
153,001,CONVOY,B,G
154,001,348,A,G
154,002,385,A,G
154,003,387,A,G
154,004,378,B,G
154,005,335,A,
154,006,357,A,
154,007,367,A,
154,008,330,,
154,009,388,,
155,001,ZF,A,P
155,002,DUAL SPORT,A,P
155,003,CONCEPT,A,P
155,004,SMF,A,P
155,005,LINHAI,A,P
155,006,MS,A,
155,007,GTR,A,
155,008,MAGNETIC,A,
155,009,FASTWIND,A,
155,010,BWK,A,
155,011,V2,A,
155,012,MAX,A,
155,013,NITROX,A,
155,014,XTREET,A,
156,001,QM,A,P
156,002,QS,A,P
156,003,ZB1022BDA,C,
157,001,LZW1010PL,B,P
157,002,SUPER VAN,C,P
158,001,XK,B,P
159,001,BEAUMONT,,
160,001,F,A,G
160,002,ANHUI,A,G
161,001,MARGIRUS,,
162,001,ZS,A,G
163,001,GRAND DRINK,A,P
163,002,BET & WIN,A,P
163,003,VENOX,A,P
163,004,XCITING,A,P
163,005,ACTIV,A,
163,006,KXCT,A,
164,001,H1,A,G
164,002,H2,A,G
164,003,H3,A,G
165,001,RP,A,P
165,002,GT,A,P
166,001,Champion,,
166,002,Comander,,
166,003,Lark Cruiser,,
167,001,ROVER,,
168,001,SCARABEO,A,P
168,002,RSV,A,P
168,003,RST,A,P
168,004,SPORT CITY,A,
168,005,TUONO,A,
168,006,ATLANTIC,A,
168,007,PEGASO,A,
168,008,DORSODURO,A,
168,009,SHIVER,A,
169,001,NF,A,P
170,001,CG,A,P
170,002,CD,A,P
170,003,JH,A,P
171,001,57,K,G
171,002,62,K,G
172,002,YG,A,P
172,003,ZH,K,
173,001,SPORTMAN,A,P
174,001,PREDATOR,A,P
174,002,PADDOCK,A,P
175,001,HACKER,A,P
176,001,JET,A,P
176,002,JOYRIDE,A,
177,001,JS,A,P
177,002,CONDOR,A,
177,003,MATRIX,A,
177,004,AGUILA,A,
177,005,BRONCO,A,
177,006,GY,A,
178,001,ZIP,A,P
178,002,TRITON,A,P
178,003,PHANTOM,A,P
178,004,AVALANCHE,A,P
178,005,WORKMAN,A,P
178,006,V-THUNDER,A,P
178,007,PHANTERA,A,P
178,008,RHINO,A,
179,001,TC,K,M
179,002,XA,K,P
179,003,XB,K,M
179,004,XD,K,
179,005,IQ,K,
180,001,VENSUN,A,M
181,001,6x6,A,G
181,002,8x8,A,G
181,003,TGL,A,
181,004,TGM,A,
181,005,TGA,A,
182,001,M,A,G
183,001,DF,A,P
184,001,SBR,A,P
184,002,SB,A,P
184,003,SG,A,P
184,004,SL,A,P
184,005,BIRAGO,A,P
184,006,KOSTER,A,P
184,007,AX,A,
184,008,INTRUDER,A,
184,009,STUD,A,
184,010,ATV,A,
184,011,CG,A,
185,001,SAMAND,K,
186,001,SAFE,C,G
186,002,PEGASUS,C,G
186,003,SAILOR,C,M
186,004,DEER,C,M
186,005,HOVER,C,M
186,006,PROTEUS,C,M
186,007,WINGLE,C,
186,008,PERI,K,
187,001,VC,A,P
188,001,SY,A,P
188,002,XR,A,
189,001,QQ,J,P
189,002,TIGGO,C,M
189,003,WINDCLOUD,K,P
189,004,FLAGCLOUD,K,G
189,005,COWIN,J,M
189,006,A5,E,M
189,007,FACE,K,G
189,008,TECH,K,G
189,009,ARAUCA,J,M
189,010,GRAND TIGER,C,M
189,011,invalido,C,M
189,012,H5,C,G
189,013,ORINOCO,I,M
189,014,X1,J,M
189,015,X5,,
189,016,V5,,
189,017,G5,,
190,001,SC1022,C,P
190,002,SUPER VAN,C,G
190,003,BENNI,K,G
191,001,1871,,
192,001,HD8,A,G
192,002,HD7,A,G
192,003,HD6,A,
193,001,BETTA,A,P
193,002,GAMMA,A,P
193,003,CG,A,
194,001,FORMULA,A,P
194,002,RALLY,A,P
194,003,ARTISTIC,A,P
194,004,MATRIX,A,P
194,005,JAGUAR,A,
194,006,TYPHOON,A,P
194,007,TORNADO,A,P
194,008,TSUNAMI,A,P
194,009,TWISTER,A,P
194,010,NEW LYON,A,P
194,011,THUNDER,A,
194,012,RAPTOR,A,P
194,013,BIG STORM,A,P
194,014,RUTAS,A,P
194,015,T-REX,A,
194,016,NEW JAGUAR,A,
194,017,NINJA,A,
194,018,TIGER,A,
194,019,WIND STREET,A,
194,020,DUNAS,A,
194,021,BANDIT,A,
194,022,FORZA,A,
195,001,CARGO VAN,B,P
195,002,PICK UP,A,P
195,003,PSS VAN,K,P
196,001,FLYER,A,P
196,002,F3,K,G
197,001,LOBO,K,P
197,002,ZHONGY,B,P
197,003,XINYI,C,P
197,004,MINYI,C,P
197,005,SAIBAO,K,
198,001,LF,A,P
198,002,520,K,M
198,003,620,K,
199,001,BUXA,A,P
199,002,SPORT,A,P
199,003,INOX,A,P
199,004,FORTALEZA,A,P
199,005,CARRERA,A,
199,006,RFX,A,
500,001,JD 50QT4,A,P
500,002,JD,A,P
500,003,JD125T-8,A,P
500,004,JD250-2,A,
500,005,JD150GY-2,A,
501,001,LY,A,P
501,002,DF,,
502,001,FY,A,P
502,002,L.T.D,K,
503,001,COXSWAIN,C,G
503,002,VICTOR,C,G
503,003,JETSTAR,C,G
503,004,TROY,C,G
503,005,IMAGE,C,
504,001,AX,A,P
504,002,SG,A,P
505,001,DY,A,P
506,001,KY,A,P
506,002,YY,A,
506,003,AX,A,
506,004,MX,A,
507,001,CA1040,A,G
507,002,CA4322P21K15T1YA82,A,G
507,003,CA4190P2K15A80,C,
508,001,YY,A,G
509,001,CARAVAN,C,G
510,001,XTREMOS,,
511,001,XY,A,P
511,002,NINJA,A,P
511,003,BANDIT,A,
511,004,TIGER,A,
511,005,T-REX,A,
512,001,T 815,A,G
513,001,F,A,G
514,001,SK,A,P
514,002,BR,A,
515,001,ADIVA,A,P
515,002,SCHEDA,,
515,003,TNT,A,
515,004,TREK,A,
515,005,VELVET,A,
515,006,CAFFE NERO,A,
516,001,ZX,A,P
516,002,QT,A,
517,001,LH,A,G
518,001,CARONI,A,
518,002,NEVERI,C,
518,003,ORINOCO,A,
518,004,AMAZONAS,A,
518,005,SAFARI,C,
519,001,HK,A,
519,002,HFC,C,G
519,003,REIN,C,
519,004,REFINE,C,M
520,001,GT,A,G
520,002,GV,A,
521,001,RX,A,
521,002,JAGUAR,A,
522,001,PEP,A,
522,002,VICTOR,A,
522,003,APACHE,A,
523,001,LCK,A,
524,001,750,,
525,001,ZN,A,
526,001,IDEAL,K,P
526,002,CH,C,
527,001,TIUNA,,
528,001,EQ,C,G
528,002,ARAYA,C,
528,003,MINI CARGO,C,
528,004,NOVILLA,C,
528,005,PADROTE,C,
528,006,JINBA,C,
528,007,STAR,C,
528,008,DUOLIKA,C,G
528,009,JINGANG,C,
528,010,CM,C,
528,011,ZNA,C,G
528,012,XIAOBA,C,
528,013,FENGSHEN,K,
528,014,HAIMA,C,
528,015,CP,C,
528,016,S30,J,
528,017,TIANLONG,C,
528,018,KINLAND,C,
529,001,ELEGANCE,A,
529,002,NR,A,
530,001,AURORA,C,M
530,002,KATA,C,
530,003,AVILA,C,
530,004,SPARTA,C,
531,001,SL 150,A,
532,001,CF,A,P
533,001,SRV,K,
533,002,SCEO,K,
534,001,ADMIRAL,C,
534,002,LANDMARK,C,
534,003,GRAND TIGER,C,
535,001,YH,A,
536,001,XT,A,
537,001,INDICA,K,
537,002,INDIGO,K,
537,003,SAFARI,K,
537,004,SUMO,C,
538,001,KMC,A,
538,002,ZB,A,
539,001,MD,A,
540,001,KT,A,
541,001,HT,A,
542,001,ADVENTURE,A,
542,002,BWK,A,
542,003,GPR,A,
542,004,GTR,A,
542,005,MAGNETIC,A,
542,006,MATRIX,A,
542,007,LH,A,
543,001,XF,A,
544,001,X6,C,
544,002,X3,C,
544,003,FASHION,K,
544,004,X9,C,
545,001,YUMBA,K,
545,002,JX,C,
545,003,LANDWIND,C,
545,004,BAODIAN,C,
545,005,FASHION,K,
546,001,TURPIAL,K,
546,002,CENTAURO,K,
547,001,FAMILY,K,
547,002,FREEMA,K,
547,003,3,K,
547,004,7,C,
548,001,OUTLANDER,A,
548,002,SPYDER,A,
548,003,RENEGADE,A,
548,004,DS,,
549,001,HOWO,B,
549,002,STYER KING,C,
550,001,C3,K,
550,002,C13,K,
550,003,SRV,K,
551,001,NOMAD,C,
551,002,Z100,K,
551,003,T200,C,
551,004,V10,C,
551,005,Z300,K,
551,006,T600,C,
552,001,SOMOOTHING,C,
553,001,TJ,A,
554,001,RX,A,
554,002,VISION,A,
555,001,RAIDER,A,
556,001,SK,A,
557,001,W9,A,
558,001,NJ4180DAW,C,
558,002,NJ5063DA,A,
559,001,CRUISER,A,
559,002,F,A,
559,003,SPEED,A,
559,004,MATRIX,A,
559,005,SUPERLIGHT,A,
559,006,HORSE,A,
559,007,SUPERSHADOW,A,
559,008,ARSEN,A,
559,009,OWEN,A,
559,010,OUTLOOK,A,
559,011,TX,A,
559,012,RKV,A,P
559,013,RK,A,
560,001,R,C,
560,002,T,C,
560,003,S,K,
560,004,H,K,
561,001,VIEW,C,
561,002,OLLIN,C,
561,003,FOTON,C,
561,004,AUMAN,A,
562,001,DB,A,
562,002,CG,A,
562,003,JL,A,
563,001,PF,A,
563,002,PD,A,
563,003,PW,A,
564,001,YB,A,
565,001,BLAST,A,
565,002,XB,A,
566,001,BJ,A,
567,001,THUNDER,A,
568,001,ZK,A,
569,001,ROADSTER,A,
570,001,HFJ,C,
571,001,DS,A,
572,001,FORZA,A,
572,002,HY,A,
573,001,FD,K,
574,001,MINI ARAYA,A,
574,002,ARAYA,A,
575,001,SLED,A,
576,001,SZS6503A21401,A,
577,001,JNJ7080A,K,
578,001,STELVIO,A,
578,002,BREVA,A,
578,003,GRISO,A,
578,004,V7,A,
578,005,NORGE,A,
578,006,V35,,
578,007,SPORT,,
578,008,NEVADA,,
579,001,TRV,,
580,001,SY5250GJB4,C,
581,001,837,,
582,001,HJ,A,
583,001,2500,A,
584,001,WY,K,
585,001,HQ7131EA4,K,
585,002,HJ,A,P
586,001,NXG5250KGJB3B,A,
586,002,NXG1310D3ZEX,,
587,001,BRZ,A,
587,002,BR,A,
587,003,BRX,A,
588,001,SPOTTER,A,
589,001,HJ,A,P
589,002,HJ,A,
590,001,GELANDEWAGEN,C,
591,001,MASPARRO,A,G
591,002,SAMAN,A,
592,001,B21,K,
592,002,BOLIGER,K,
592,003,B11,K,
593,001,FSV,K,
593,002,V5,C,
593,003,H530,K,
593,004,FRV,K,
594,001,DY,A,
595,001,VAMTAC,,
596,001,K1,C,
596,002,W1,C,
597,001,CV TRADESMAN,C,
598,001,ROVER,A,
598,002,EAGLE,A,P
598,003,NAKED,,
598,004,COMANCHE,A,
599,001,STQ,A,G
600,001,HD,A,
601,001,ZEN,,
602,001,2534,A,M
602,002,2529,A,G
800,001,SST,A,P
800,002,SST (PRUEBA),A,M
801,001,V-CAEM,A,G
802,001,SRVI22026,A,G
803,001,HORSE,A,P
804,001,1977,A,G
805,01,GRUMMAN,A,G
805,02,2650,A,G
805,03,JUM BUSS,A,G
805,04,K 124,A,G
805,05,VIPSA 4964VTD,A,
805,06,REMOLQUE,,
806,003,CARONI,A,G
806,004,REMYVECA,A,G
806,01,INMOCA,A,G
806,02,APACHE,F,M
806,05,ROMANO,A,G
806,06,SEMIREMOLQUE,A,G
807,01,SB57-1200-45,A,G
807,02,SB60I250608,A,G
807,03,1969,,
807,04,PBL-383-129,A,G
808,01,HORNET,K,P
808,02,HORNET,K,P
809,001,1.9.7.8,A,G
809,002,PBF238,A,G
811,01,1970,,
812,01,F-300,,
813,01,TRG-3E,A,
814,01,BR,A,P
815,01,S 6000,A,G
815,02,TB6904,A,G
816,01,1983,A,G
816,02,T-15,A,G
816,03,1981,A,G
816,04,1980,A,G
817,01,EXEC,F,
818,01,CAVA,,
819,01,CHORUS,A,G
820,01,HJ,,
821,01,INBUS,A,G
822,01,NEW MATRIX,A,P
823,01,3LB20-140,A,G
